{
    "1": {
        "time": 6.100000000230921e-05,
        "nodes": 3,
        "cost": 1
    },
    "2": {
        "time": 8.97999999978083e-05,
        "nodes": 5,
        "cost": 2
    },
    "3": {
        "time": 0.00018550000000061573,
        "nodes": 12,
        "cost": 3
    },
    "4": {
        "time": 0.00023159999999933234,
        "nodes": 15,
        "cost": 4
    },
    "5": {
        "time": 0.00027140000000258624,
        "nodes": 17,
        "cost": 5
    },
    "6": {
        "time": 0.00027320000000230493,
        "nodes": 17,
        "cost": 6
    },
    "7": {
        "time": 0.00042049999999704823,
        "nodes": 27,
        "cost": 7
    },
    "8": {
        "time": 0.0004501999999959594,
        "nodes": 28,
        "cost": 8
    },
    "9": {
        "time": 0.0012866000000002487,
        "nodes": 80,
        "cost": 9
    },
    "10": {
        "time": 0.0011635000000040918,
        "nodes": 74,
        "cost": 10
    },
    "11": {
        "time": 0.002216699999998184,
        "nodes": 136,
        "cost": 11
    },
    "12": {
        "time": 0.002849199999999996,
        "nodes": 172,
        "cost": 12
    },
    "13": {
        "time": 0.0044962999999995645,
        "nodes": 271,
        "cost": 13
    },
    "14": {
        "time": 0.007728600000000085,
        "nodes": 454,
        "cost": 14
    },
    "15": {
        "time": 0.015703800000004264,
        "nodes": 925,
        "cost": 15
    },
    "16": {
        "time": 0.015115099999995607,
        "nodes": 873,
        "cost": 16
    },
    "17": {
        "time": 0.03045110000000051,
        "nodes": 1737,
        "cost": 17
    },
    "18": {
        "time": 0.03711890000000295,
        "nodes": 2124,
        "cost": 18
    },
    "19": {
        "time": 0.08292930000000354,
        "nodes": 4477,
        "cost": 19
    },
    "20": {
        "time": 0.11623440000000329,
        "nodes": 6230,
        "cost": 20
    }
}