{
    "1": {
        "time": 6.194700000605735e-05,
        "nodes": 2,
        "cost": 1
    },
    "2": {
        "time": 0.00014087399999596073,
        "nodes": 7,
        "cost": 2
    },
    "3": {
        "time": 0.00013648499999874275,
        "nodes": 9,
        "cost": 3
    },
    "4": {
        "time": 0.000180758999988484,
        "nodes": 12,
        "cost": 4
    },
    "5": {
        "time": 0.00048667199999385957,
        "nodes": 22,
        "cost": 5
    },
    "6": {
        "time": 0.0003152540000002091,
        "nodes": 20,
        "cost": 6
    },
    "7": {
        "time": 0.0005436060000079124,
        "nodes": 34,
        "cost": 7
    },
    "8": {
        "time": 0.00033921899999711513,
        "nodes": 22,
        "cost": 8
    },
    "9": {
        "time": 0.0006085809999945013,
        "nodes": 40,
        "cost": 9
    },
    "10": {
        "time": 0.0012074549999994133,
        "nodes": 79,
        "cost": 10
    },
    "11": {
        "time": 0.0019124930000060658,
        "nodes": 119,
        "cost": 11
    },
    "12": {
        "time": 0.00797459100000708,
        "nodes": 251,
        "cost": 12
    },
    "13": {
        "time": 0.005984419000000685,
        "nodes": 344,
        "cost": 13
    },
    "14": {
        "time": 0.012205469999997831,
        "nodes": 531,
        "cost": 14
    },
    "15": {
        "time": 0.016675352999996562,
        "nodes": 909,
        "cost": 15
    },
    "16": {
        "time": 0.01418737599999531,
        "nodes": 849,
        "cost": 16
    },
    "17": {
        "time": 0.02852530399999864,
        "nodes": 1660,
        "cost": 17
    },
    "18": {
        "time": 0.04969270999998798,
        "nodes": 2891,
        "cost": 18
    },
    "19": {
        "time": 0.05526609199999655,
        "nodes": 3098,
        "cost": 19
    },
    "20": {
        "time": 0.1263010920000056,
        "nodes": 6701,
        "cost": 20
    }
}