{
    "1": {
        "time": 8.958600000141814e-05,
        "nodes": 4,
        "cost": 1
    },
    "2": {
        "time": 9.301199997935328e-05,
        "nodes": 5,
        "cost": 2
    },
    "3": {
        "time": 0.00012333900002658993,
        "nodes": 7,
        "cost": 3
    },
    "4": {
        "time": 0.00018008299997518407,
        "nodes": 12,
        "cost": 4
    },
    "5": {
        "time": 0.00021316800001613956,
        "nodes": 12,
        "cost": 5
    },
    "6": {
        "time": 0.00036804199999096454,
        "nodes": 25,
        "cost": 6
    },
    "7": {
        "time": 0.0003916619999699833,
        "nodes": 26,
        "cost": 7
    },
    "8": {
        "time": 0.0006182800000260613,
        "nodes": 41,
        "cost": 8
    },
    "9": {
        "time": 0.0008138370000096984,
        "nodes": 52,
        "cost": 9
    },
    "10": {
        "time": 0.0027131929999768545,
        "nodes": 160,
        "cost": 10
    },
    "11": {
        "time": 0.002450651000003745,
        "nodes": 156,
        "cost": 11
    },
    "12": {
        "time": 0.0032340409999846997,
        "nodes": 196,
        "cost": 12
    },
    "13": {
        "time": 0.006182232000014665,
        "nodes": 385,
        "cost": 13
    },
    "14": {
        "time": 0.009005693000005977,
        "nodes": 551,
        "cost": 14
    },
    "15": {
        "time": 0.013872789999993529,
        "nodes": 814,
        "cost": 15
    },
    "16": {
        "time": 0.03611455199995817,
        "nodes": 1956,
        "cost": 16
    },
    "17": {
        "time": 0.050857541000027595,
        "nodes": 2866,
        "cost": 17
    },
    "18": {
        "time": 0.11740716600002088,
        "nodes": 2812,
        "cost": 18
    },
    "19": {
        "time": 0.06622477399997706,
        "nodes": 3732,
        "cost": 19
    },
    "20": {
        "time": 0.11064491000001908,
        "nodes": 5964,
        "cost": 20
    }
}