{
    "1": {
        "time": 7.873899999566447e-05,
        "nodes": 4,
        "cost": 1
    },
    "2": {
        "time": 0.00013269299999763007,
        "nodes": 5,
        "cost": 2
    },
    "3": {
        "time": 0.0001220799999970268,
        "nodes": 7,
        "cost": 3
    },
    "4": {
        "time": 0.00023993900000363055,
        "nodes": 16,
        "cost": 4
    },
    "5": {
        "time": 0.0003033350000052337,
        "nodes": 12,
        "cost": 5
    },
    "6": {
        "time": 0.0003742290000019466,
        "nodes": 25,
        "cost": 6
    },
    "7": {
        "time": 0.0007074459999998339,
        "nodes": 24,
        "cost": 7
    },
    "8": {
        "time": 0.0007993470000045022,
        "nodes": 37,
        "cost": 8
    },
    "9": {
        "time": 0.0009537299999990978,
        "nodes": 61,
        "cost": 9
    },
    "10": {
        "time": 0.0022922269999980927,
        "nodes": 118,
        "cost": 10
    },
    "11": {
        "time": 0.003350591999996766,
        "nodes": 121,
        "cost": 11
    },
    "12": {
        "time": 0.005411388999995381,
        "nodes": 310,
        "cost": 12
    },
    "13": {
        "time": 0.005606520999997144,
        "nodes": 282,
        "cost": 13
    },
    "14": {
        "time": 0.010760695000001874,
        "nodes": 557,
        "cost": 14
    },
    "15": {
        "time": 0.016257289000002118,
        "nodes": 983,
        "cost": 15
    },
    "16": {
        "time": 0.019067057999997417,
        "nodes": 1155,
        "cost": 16
    },
    "17": {
        "time": 0.026583575000003634,
        "nodes": 1573,
        "cost": 17
    },
    "18": {
        "time": 0.10180737000000306,
        "nodes": 2417,
        "cost": 18
    },
    "19": {
        "time": 0.11292507900000004,
        "nodes": 6044,
        "cost": 19
    },
    "20": {
        "time": 0.1299855359999995,
        "nodes": 6452,
        "cost": 20
    }
}