{
    "1": {
        "time": 7.64999999987026e-05,
        "nodes": 2,
        "cost": 1
    },
    "2": {
        "time": 0.00016679999999524853,
        "nodes": 7,
        "cost": 2
    },
    "3": {
        "time": 0.00019559999999785305,
        "nodes": 7,
        "cost": 3
    },
    "4": {
        "time": 0.0003591999999983386,
        "nodes": 15,
        "cost": 4
    },
    "5": {
        "time": 0.00041859999999616093,
        "nodes": 17,
        "cost": 5
    },
    "6": {
        "time": 0.0006367000000011558,
        "nodes": 27,
        "cost": 6
    },
    "7": {
        "time": 0.0005544999999997913,
        "nodes": 22,
        "cost": 7
    },
    "8": {
        "time": 0.001094600000001833,
        "nodes": 44,
        "cost": 8
    },
    "9": {
        "time": 0.0015970999999979085,
        "nodes": 65,
        "cost": 9
    },
    "10": {
        "time": 0.0020698000000010097,
        "nodes": 83,
        "cost": 10
    },
    "11": {
        "time": 0.004263199999996914,
        "nodes": 170,
        "cost": 11
    },
    "12": {
        "time": 0.003868300000000602,
        "nodes": 188,
        "cost": 12
    },
    "13": {
        "time": 0.00456129999999888,
        "nodes": 265,
        "cost": 13
    },
    "14": {
        "time": 0.008029999999997983,
        "nodes": 453,
        "cost": 14
    },
    "15": {
        "time": 0.013919999999998822,
        "nodes": 792,
        "cost": 15
    },
    "16": {
        "time": 0.020652400000003013,
        "nodes": 1178,
        "cost": 16
    },
    "17": {
        "time": 0.0303802000000033,
        "nodes": 1648,
        "cost": 17
    },
    "18": {
        "time": 0.0802644999999984,
        "nodes": 4261,
        "cost": 18
    },
    "19": {
        "time": 0.08413280000000611,
        "nodes": 4492,
        "cost": 19
    },
    "20": {
        "time": 0.1332648000000063,
        "nodes": 6805,
        "cost": 20
    }
}