{"1": {"time": 5.8899999999084685e-05, "nodes": 3, "cost": 1}, "2": {"time": 9.020000000248274e-05, "nodes": 5, "cost": 2}, "3": {"time": 0.0001353999999977873, "nodes": 8, "cost": 3}, "4": {"time": 0.0002345999999988635, "nodes": 15, "cost": 4}, "5": {"time": 0.00027970000000010486, "nodes": 17, "cost": 5}, "6": {"time": 0.0003093000000014001, "nodes": 19, "cost": 6}, "7": {"time": 0.0003582000000008634, "nodes": 22, "cost": 7}, "8": {"time": 0.0006035000000004231, "nodes": 36, "cost": 8}, "9": {"time": 0.0009891999999993573, "nodes": 62, "cost": 9}, "10": {"time": 0.0017040000000001498, "nodes": 104, "cost": 10}, "11": {"time": 0.0017827999999973088, "nodes": 109, "cost": 11}, "12": {"time": 0.004504300000000683, "nodes": 271, "cost": 12}, "13": {"time": 0.006967700000000576, "nodes": 411, "cost": 13}, "14": {"time": 0.007041499999999701, "nodes": 413, "cost": 14}, "15": {"time": 0.022722500000000423, "nodes": 1284, "cost": 15}, "16": {"time": 0.025192499999999285, "nodes": 1453, "cost": 16}, "17": {"time": 0.025130799999999454, "nodes": 1453, "cost": 17}, "18": {"time": 0.046780200000000605, "nodes": 2634, "cost": 18}, "19": {"time": 0.0853843999999988, "nodes": 4703, "cost": 19}, "20": {"time": 0.09754600000000124, "nodes": 5245, "cost": 20}}