{
    "1": {
        "time": 8.524400000453625e-05,
        "nodes": 3,
        "cost": 1
    },
    "2": {
        "time": 9.275799999386436e-05,
        "nodes": 5,
        "cost": 2
    },
    "3": {
        "time": 0.00018578000000957218,
        "nodes": 12,
        "cost": 3
    },
    "4": {
        "time": 0.00021992399999248846,
        "nodes": 14,
        "cost": 4
    },
    "5": {
        "time": 0.0002793800000091551,
        "nodes": 18,
        "cost": 5
    },
    "6": {
        "time": 0.0003006809999988036,
        "nodes": 19,
        "cost": 6
    },
    "7": {
        "time": 0.000364507000000458,
        "nodes": 24,
        "cost": 7
    },
    "8": {
        "time": 0.00038707400000248526,
        "nodes": 24,
        "cost": 8
    },
    "9": {
        "time": 0.0009388360000031071,
        "nodes": 60,
        "cost": 9
    },
    "10": {
        "time": 0.0016636800000071617,
        "nodes": 103,
        "cost": 10
    },
    "11": {
        "time": 0.0017456779999918126,
        "nodes": 113,
        "cost": 11
    },
    "12": {
        "time": 0.00436539599999719,
        "nodes": 271,
        "cost": 12
    },
    "13": {
        "time": 0.004178848999998763,
        "nodes": 262,
        "cost": 13
    },
    "14": {
        "time": 0.013801303999997572,
        "nodes": 826,
        "cost": 14
    },
    "15": {
        "time": 0.01582510700001194,
        "nodes": 936,
        "cost": 15
    },
    "16": {
        "time": 0.025021633999998016,
        "nodes": 1406,
        "cost": 16
    },
    "17": {
        "time": 0.024482847000001584,
        "nodes": 1463,
        "cost": 17
    },
    "18": {
        "time": 0.048409319000001005,
        "nodes": 2845,
        "cost": 18
    },
    "19": {
        "time": 0.07565339199999244,
        "nodes": 4268,
        "cost": 19
    },
    "20": {
        "time": 0.1381039559999948,
        "nodes": 7177,
        "cost": 20
    }
}