{
    "1": {
        "time": 9.090000000000487e-05,
        "nodes": 3,
        "cost": 1
    },
    "2": {
        "time": 0.00021720000000025053,
        "nodes": 6,
        "cost": 2
    },
    "3": {
        "time": 0.000596800000000286,
        "nodes": 23,
        "cost": 3
    },
    "4": {
        "time": 0.0010166000000002562,
        "nodes": 51,
        "cost": 4
    },
    "5": {
        "time": 0.0010284000000000404,
        "nodes": 80,
        "cost": 5
    },
    "6": {
        "time": 0.0014720999999999762,
        "nodes": 113,
        "cost": 6
    },
    "7": {
        "time": 0.002683300000000166,
        "nodes": 201,
        "cost": 7
    },
    "8": {
        "time": 0.003294200000000025,
        "nodes": 251,
        "cost": 8
    },
    "9": {
        "time": 0.009131699999999743,
        "nodes": 655,
        "cost": 9
    },
    "10": {
        "time": 0.013410100000000202,
        "nodes": 1026,
        "cost": 10
    },
    "11": {
        "time": 0.024501100000000164,
        "nodes": 1863,
        "cost": 11
    },
    "12": {
        "time": 0.033558200000000316,
        "nodes": 2497,
        "cost": 12
    },
    "13": {
        "time": 0.05587909999999985,
        "nodes": 4158,
        "cost": 13
    },
    "14": {
        "time": 0.09376150000000028,
        "nodes": 6894,
        "cost": 14
    },
    "15": {
        "time": 0.15332690000000015,
        "nodes": 11288,
        "cost": 15
    },
    "16": {
        "time": 0.18942199999999998,
        "nodes": 13965,
        "cost": 16
    },
    "17": {
        "time": 0.3990364999999998,
        "nodes": 27279,
        "cost": 17
    },
    "18": {
        "time": 0.46506199999999964,
        "nodes": 34253,
        "cost": 18
    },
    "19": {
        "time": 0.8376034999999997,
        "nodes": 59508,
        "cost": 19
    },
    "20": {
        "time": 1.1096089999999998,
        "nodes": 75535,
        "cost": 20
    }
}