{
    "1": {
        "time": 0.00019358200000141323,
        "nodes": 3,
        "cost": 1
    },
    "2": {
        "time": 0.00013701700000012806,
        "nodes": 5,
        "cost": 2
    },
    "3": {
        "time": 0.00040377699999538663,
        "nodes": 26,
        "cost": 3
    },
    "4": {
        "time": 0.0006356419999988816,
        "nodes": 44,
        "cost": 4
    },
    "5": {
        "time": 0.0010669089999950643,
        "nodes": 63,
        "cost": 5
    },
    "6": {
        "time": 0.0012778600000018514,
        "nodes": 92,
        "cost": 6
    },
    "7": {
        "time": 0.003583200999997871,
        "nodes": 278,
        "cost": 7
    },
    "8": {
        "time": 0.004689587000001438,
        "nodes": 341,
        "cost": 8
    },
    "9": {
        "time": 0.008308066000004999,
        "nodes": 627,
        "cost": 9
    },
    "10": {
        "time": 0.015548730999995541,
        "nodes": 1166,
        "cost": 10
    },
    "11": {
        "time": 0.02109426999999897,
        "nodes": 1458,
        "cost": 11
    },
    "12": {
        "time": 0.05102130199999522,
        "nodes": 3893,
        "cost": 12
    },
    "13": {
        "time": 0.048238832999999204,
        "nodes": 3608,
        "cost": 13
    },
    "14": {
        "time": 0.10452939900000047,
        "nodes": 7843,
        "cost": 14
    },
    "15": {
        "time": 0.18724481200000298,
        "nodes": 14098,
        "cost": 15
    },
    "16": {
        "time": 0.35885174900000294,
        "nodes": 21470,
        "cost": 16
    },
    "17": {
        "time": 0.36457527700000014,
        "nodes": 27171,
        "cost": 17
    },
    "18": {
        "time": 0.5438791270000038,
        "nodes": 34653,
        "cost": 18
    },
    "19": {
        "time": 1.000429302999997,
        "nodes": 68047,
        "cost": 19
    },
    "20": {
        "time": 1.3875060579999996,
        "nodes": 97276,
        "cost": 20
    }
}