{"1": {"time": 9.199999999998099e-05, "nodes": 1, "cost": 1}, "2": {"time": 0.00015410000000004587, "nodes": 5, "cost": 2}, "3": {"time": 0.00036089999999999733, "nodes": 12, "cost": 3}, "4": {"time": 0.0012783999999999018, "nodes": 45, "cost": 4}, "5": {"time": 0.0022124000000003363, "nodes": 83, "cost": 5}, "6": {"time": 0.00231210000000015, "nodes": 129, "cost": 6}, "7": {"time": 0.0028842000000000034, "nodes": 213, "cost": 7}, "8": {"time": 0.004494900000000079, "nodes": 341, "cost": 8}, "9": {"time": 0.00821190000000005, "nodes": 601, "cost": 9}, "10": {"time": 0.012178299999999975, "nodes": 870, "cost": 10}, "11": {"time": 0.026595399999999714, "nodes": 2001, "cost": 11}, "12": {"time": 0.04708280000000009, "nodes": 3518, "cost": 12}, "13": {"time": 0.057992100000000324, "nodes": 4308, "cost": 13}, "14": {"time": 0.07835750000000008, "nodes": 5686, "cost": 14}, "15": {"time": 0.17298440000000026, "nodes": 12646, "cost": 15}, "16": {"time": 0.22514040000000035, "nodes": 16276, "cost": 16}, "17": {"time": 0.42283399999999993, "nodes": 28998, "cost": 17}, "18": {"time": 0.5333182999999999, "nodes": 36059, "cost": 18}, "19": {"time": 0.8817475000000004, "nodes": 62196, "cost": 19}, "20": {"time": 1.2643615000000006, "nodes": 90008, "cost": 20}}