{
    "1": {
        "time": 0.0002219629999999917,
        "nodes": 1,
        "cost": 1
    },
    "2": {
        "time": 0.00022598899999959343,
        "nodes": 5,
        "cost": 2
    },
    "3": {
        "time": 0.00035846800000038925,
        "nodes": 10,
        "cost": 3
    },
    "4": {
        "time": 0.0007126249999998002,
        "nodes": 41,
        "cost": 4
    },
    "5": {
        "time": 0.0014549139999999738,
        "nodes": 76,
        "cost": 5
    },
    "6": {
        "time": 0.005674237999999665,
        "nodes": 159,
        "cost": 6
    },
    "7": {
        "time": 0.002753479999999975,
        "nodes": 167,
        "cost": 7
    },
    "8": {
        "time": 0.00409532300000004,
        "nodes": 306,
        "cost": 8
    },
    "9": {
        "time": 0.009404063000000296,
        "nodes": 694,
        "cost": 9
    },
    "10": {
        "time": 0.016052808999999613,
        "nodes": 1199,
        "cost": 10
    },
    "11": {
        "time": 0.01967594199999967,
        "nodes": 1451,
        "cost": 11
    },
    "12": {
        "time": 0.0450002279999997,
        "nodes": 3097,
        "cost": 12
    },
    "13": {
        "time": 0.10389039000000055,
        "nodes": 3710,
        "cost": 13
    },
    "14": {
        "time": 0.11534172799999975,
        "nodes": 8669,
        "cost": 14
    },
    "15": {
        "time": 0.15465867399999933,
        "nodes": 11637,
        "cost": 15
    },
    "16": {
        "time": 0.20576942499999973,
        "nodes": 15345,
        "cost": 16
    },
    "17": {
        "time": 0.40935556400000017,
        "nodes": 25360,
        "cost": 17
    },
    "18": {
        "time": 0.5169845110000004,
        "nodes": 38551,
        "cost": 18
    },
    "19": {
        "time": 1.0173202450000005,
        "nodes": 69850,
        "cost": 19
    },
    "20": {
        "time": 1.3630917080000007,
        "nodes": 87404,
        "cost": 20
    }
}