{
    "1": {
        "time": 5.709599999992321e-05,
        "nodes": 2,
        "cost": 1
    },
    "2": {
        "time": 0.00030849100000018836,
        "nodes": 8,
        "cost": 2
    },
    "3": {
        "time": 0.0004004399999999464,
        "nodes": 15,
        "cost": 3
    },
    "4": {
        "time": 0.0004458380000000872,
        "nodes": 33,
        "cost": 4
    },
    "5": {
        "time": 0.0009715460000006004,
        "nodes": 71,
        "cost": 5
    },
    "6": {
        "time": 0.0019241179999998081,
        "nodes": 148,
        "cost": 6
    },
    "7": {
        "time": 0.0041666600000001,
        "nodes": 280,
        "cost": 7
    },
    "8": {
        "time": 0.012609003000000563,
        "nodes": 400,
        "cost": 8
    },
    "9": {
        "time": 0.00705389500000031,
        "nodes": 449,
        "cost": 9
    },
    "10": {
        "time": 0.0151274680000002,
        "nodes": 1147,
        "cost": 10
    },
    "11": {
        "time": 0.020641449999999395,
        "nodes": 1595,
        "cost": 11
    },
    "12": {
        "time": 0.037284482999999646,
        "nodes": 2724,
        "cost": 12
    },
    "13": {
        "time": 0.11635742100000002,
        "nodes": 4487,
        "cost": 13
    },
    "14": {
        "time": 0.07897385600000018,
        "nodes": 6089,
        "cost": 14
    },
    "15": {
        "time": 0.1360453650000002,
        "nodes": 10322,
        "cost": 15
    },
    "16": {
        "time": 0.22097947600000012,
        "nodes": 16910,
        "cost": 16
    },
    "17": {
        "time": 0.4570380750000007,
        "nodes": 29388,
        "cost": 17
    },
    "18": {
        "time": 0.693599689,
        "nodes": 51745,
        "cost": 18
    },
    "19": {
        "time": 0.793046371,
        "nodes": 55539,
        "cost": 19
    },
    "20": {
        "time": 1.653120585,
        "nodes": 110541,
        "cost": 20
    }
}