{
    "1": {
        "time": 6.2737999996898e-05,
        "nodes": 1,
        "cost": 1
    },
    "2": {
        "time": 8.442299997568625e-05,
        "nodes": 5,
        "cost": 2
    },
    "3": {
        "time": 0.0001458739999975478,
        "nodes": 10,
        "cost": 3
    },
    "4": {
        "time": 0.0004387979999478375,
        "nodes": 32,
        "cost": 4
    },
    "5": {
        "time": 0.0010370680000164612,
        "nodes": 76,
        "cost": 5
    },
    "6": {
        "time": 0.0020953279999957886,
        "nodes": 159,
        "cost": 6
    },
    "7": {
        "time": 0.0026263120000180606,
        "nodes": 203,
        "cost": 7
    },
    "8": {
        "time": 0.005263197999965996,
        "nodes": 396,
        "cost": 8
    },
    "9": {
        "time": 0.006275312000013855,
        "nodes": 492,
        "cost": 9
    },
    "10": {
        "time": 0.013075344000014866,
        "nodes": 1004,
        "cost": 10
    },
    "11": {
        "time": 0.03410352299999886,
        "nodes": 2427,
        "cost": 11
    },
    "12": {
        "time": 0.045312215000024025,
        "nodes": 3447,
        "cost": 12
    },
    "13": {
        "time": 0.0513047550000465,
        "nodes": 3984,
        "cost": 13
    },
    "14": {
        "time": 0.07258726499998147,
        "nodes": 5646,
        "cost": 14
    },
    "15": {
        "time": 0.16399386000000504,
        "nodes": 12249,
        "cost": 15
    },
    "16": {
        "time": 0.2650245190000078,
        "nodes": 19776,
        "cost": 16
    },
    "17": {
        "time": 0.4481794189999846,
        "nodes": 28494,
        "cost": 17
    },
    "18": {
        "time": 0.6069348579999883,
        "nodes": 39336,
        "cost": 18
    },
    "19": {
        "time": 1.0069037369999592,
        "nodes": 66964,
        "cost": 19
    },
    "20": {
        "time": 1.5613126189999775,
        "nodes": 108166,
        "cost": 20
    }
}