{
    "1": {
        "time": 0.00022520000000003648,
        "nodes": 2,
        "cost": 1
    },
    "2": {
        "time": 0.0001613000000002529,
        "nodes": 4,
        "cost": 2
    },
    "3": {
        "time": 0.00022050000000017889,
        "nodes": 10,
        "cost": 3
    },
    "4": {
        "time": 0.0005163000000001361,
        "nodes": 32,
        "cost": 4
    },
    "5": {
        "time": 0.0008815000000002016,
        "nodes": 60,
        "cost": 5
    },
    "6": {
        "time": 0.00209929999999936,
        "nodes": 143,
        "cost": 6
    },
    "7": {
        "time": 0.0027941000000000216,
        "nodes": 202,
        "cost": 7
    },
    "8": {
        "time": 0.006566399999999639,
        "nodes": 464,
        "cost": 8
    },
    "9": {
        "time": 0.008708099999999774,
        "nodes": 626,
        "cost": 9
    },
    "10": {
        "time": 0.018402499999999655,
        "nodes": 1281,
        "cost": 10
    },
    "11": {
        "time": 0.02511559999999946,
        "nodes": 1876,
        "cost": 11
    },
    "12": {
        "time": 0.04683200000000021,
        "nodes": 3332,
        "cost": 12
    },
    "13": {
        "time": 0.04650009999999938,
        "nodes": 3425,
        "cost": 13
    },
    "14": {
        "time": 0.13599479999999975,
        "nodes": 7437,
        "cost": 14
    },
    "15": {
        "time": 0.1444030999999999,
        "nodes": 10513,
        "cost": 15
    },
    "16": {
        "time": 0.20289490000000043,
        "nodes": 14701,
        "cost": 16
    },
    "17": {
        "time": 0.4571594999999995,
        "nodes": 29368,
        "cost": 17
    },
    "18": {
        "time": 0.49190440000000013,
        "nodes": 35332,
        "cost": 18
    },
    "19": {
        "time": 0.7168311000000003,
        "nodes": 48868,
        "cost": 19
    },
    "20": {
        "time": 1.6363864999999986,
        "nodes": 108700,
        "cost": 20
    }
}