{
    "1": {
        "time": 0.0003735999999996409,
        "nodes": 13,
        "cost": 1
    },
    "2": {
        "time": 0.00065869999999979,
        "nodes": 26,
        "cost": 2
    },
    "3": {
        "time": 0.0014796999999999727,
        "nodes": 56,
        "cost": 3
    },
    "4": {
        "time": 0.003939799999999494,
        "nodes": 159,
        "cost": 4
    },
    "5": {
        "time": 0.004710999999999466,
        "nodes": 185,
        "cost": 5
    },
    "6": {
        "time": 0.004048099999999444,
        "nodes": 244,
        "cost": 6
    },
    "7": {
        "time": 0.003711899999999879,
        "nodes": 293,
        "cost": 7
    },
    "8": {
        "time": 0.0008983000000002406,
        "nodes": 71,
        "cost": 8
    },
    "9": {
        "time": 0.0,
        "nodes": 0,
        "cost": 0
    },
    "10": {
        "time": 0.0,
        "nodes": 0,
        "cost": 0
    },
    "11": {
        "time": 0.02645189999999964,
        "nodes": 2047,
        "cost": 11
    },
    "12": {
        "time": 0.011723200000000489,
        "nodes": 917,
        "cost": 12
    },
    "13": {
        "time": 0.0,
        "nodes": 0,
        "cost": 0
    },
    "14": {
        "time": 0.013005099999999992,
        "nodes": 1020,
        "cost": 14
    },
    "15": {
        "time": 0.11542349999999946,
        "nodes": 8961,
        "cost": 15
    },
    "16": {
        "time": 0.0,
        "nodes": 0,
        "cost": 0
    },
    "17": {
        "time": 0.16710530000000023,
        "nodes": 12827,
        "cost": 17
    },
    "18": {
        "time": 0.0,
        "nodes": 0,
        "cost": 0
    },
    "19": {
        "time": 0.0,
        "nodes": 0,
        "cost": 0
    },
    "20": {
        "time": 0.0,
        "nodes": 0,
        "cost": 0
    }
}