{
    "1": {
        "time": 0.00031109999999934246,
        "nodes": 11,
        "cost": 1
    },
    "2": {
        "time": 0.00015400000000020952,
        "nodes": 7,
        "cost": 2
    },
    "3": {
        "time": 0.0002049999999993446,
        "nodes": 7,
        "cost": 3
    },
    "4": {
        "time": 0.0009095999999999549,
        "nodes": 37,
        "cost": 4
    },
    "5": {
        "time": 0.0027167999999999637,
        "nodes": 105,
        "cost": 5
    },
    "6": {
        "time": 0.0,
        "nodes": 0,
        "cost": 0
    },
    "7": {
        "time": 0.005713100000001248,
        "nodes": 416,
        "cost": 7
    },
    "8": {
        "time": 0.0,
        "nodes": 0,
        "cost": 0
    },
    "9": {
        "time": 0.008252099999999984,
        "nodes": 596,
        "cost": 9
    },
    "10": {
        "time": 0.0,
        "nodes": 0,
        "cost": 0
    },
    "11": {
        "time": 0.029320100000001403,
        "nodes": 2132,
        "cost": 11
    },
    "12": {
        "time": 0.0,
        "nodes": 0,
        "cost": 0
    },
    "13": {
        "time": 0.0,
        "nodes": 0,
        "cost": 0
    },
    "14": {
        "time": 0.0,
        "nodes": 0,
        "cost": 0
    },
    "15": {
        "time": 0.0,
        "nodes": 0,
        "cost": 0
    },
    "16": {
        "time": 0.015461499999998907,
        "nodes": 1122,
        "cost": 16
    },
    "17": {
        "time": 0.0,
        "nodes": 0,
        "cost": 0
    },
    "18": {
        "time": 0.0,
        "nodes": 0,
        "cost": 0
    },
    "19": {
        "time": 0.02070110000000014,
        "nodes": 1497,
        "cost": 19
    },
    "20": {
        "time": 0.0,
        "nodes": 0,
        "cost": 0
    }
}