{
    "1": {
        "time": 5.814699999984185e-05,
        "nodes": 4,
        "cost": 1
    },
    "2": {
        "time": 8.002099999959711e-05,
        "nodes": 5,
        "cost": 2
    },
    "3": {
        "time": 0.00011457100000011877,
        "nodes": 7,
        "cost": 3
    },
    "4": {
        "time": 0.0013626389999998878,
        "nodes": 102,
        "cost": 4
    },
    "5": {
        "time": 0.0036433519999992114,
        "nodes": 210,
        "cost": 5
    },
    "6": {
        "time": 0.008462865999999458,
        "nodes": 464,
        "cost": 6
    },
    "7": {
        "time": 0.002458068999999341,
        "nodes": 191,
        "cost": 7
    },
    "8": {
        "time": 0.0014759010000000572,
        "nodes": 115,
        "cost": 8
    },
    "9": {
        "time": 0.02626904200000002,
        "nodes": 1910,
        "cost": 9
    },
    "10": {
        "time": 0.040018788999999444,
        "nodes": 3027,
        "cost": 10
    },
    "11": {
        "time": 0.0298415529999998,
        "nodes": 2280,
        "cost": 11
    },
    "12": {
        "time": 0.10617809299999958,
        "nodes": 7762,
        "cost": 12
    },
    "13": {
        "time": 0.08190932099999948,
        "nodes": 5622,
        "cost": 13
    },
    "14": {
        "time": 0.33995849799999966,
        "nodes": 25001,
        "cost": 14
    },
    "15": {
        "time": 0.18759058299999865,
        "nodes": 14111,
        "cost": 15
    },
    "16": {
        "time": 0.1421301229999994,
        "nodes": 10693,
        "cost": 16
    },
    "17": {
        "time": 0.7251778889999994,
        "nodes": 48275,
        "cost": 17
    },
    "18": {
        "time": 0.5545521260000008,
        "nodes": 41005,
        "cost": 18
    },
    "19": {
        "time": 2.961817181999999,
        "nodes": 198105,
        "cost": 19
    },
    "20": {
        "time": 1.712217657,
        "nodes": 117185,
        "cost": 20
    }
}