{"1": {"time": 9.709999999962804e-05, "nodes": 3, "cost": 1}, "2": {"time": 0.0002975999999996759, "nodes": 10, "cost": 2}, "3": {"time": 0.00021609999999938623, "nodes": 8, "cost": 3}, "4": {"time": 0.0027844000000003533, "nodes": 110, "cost": 4}, "5": {"time": 0.005415799999999749, "nodes": 208, "cost": 5}, "6": {"time": 0.007574599999999876, "nodes": 367, "cost": 6}, "7": {"time": 0.005025299999999788, "nodes": 393, "cost": 7}, "8": {"time": 0.007668299999999739, "nodes": 587, "cost": 8}, "9": {"time": 0.009216900000000194, "nodes": 714, "cost": 9}, "10": {"time": 0.010528700000000057, "nodes": 805, "cost": 10}, "11": {"time": 0.03299179999999957, "nodes": 2519, "cost": 11}, "12": {"time": 0.0, "nodes": 0, "cost": 0}, "13": {"time": 0.0, "nodes": 0, "cost": 0}, "14": {"time": 0.0, "nodes": 0, "cost": 0}, "15": {"time": 0.0, "nodes": 0, "cost": 0}, "16": {"time": 0.0, "nodes": 0, "cost": 0}, "17": {"time": 0.0, "nodes": 0, "cost": 0}, "18": {"time": 0.0, "nodes": 0, "cost": 0}, "19": {"time": 0.0, "nodes": 0, "cost": 0}, "20": {"time": 0.1747734999999997, "nodes": 13453, "cost": 20}}