{
    "1": {
        "time": 0.00019501899999951888,
        "nodes": 11,
        "cost": 1
    },
    "2": {
        "time": 0.0005161080000011253,
        "nodes": 29,
        "cost": 2
    },
    "3": {
        "time": 0.0006519279999999128,
        "nodes": 48,
        "cost": 3
    },
    "4": {
        "time": 0.0006964549999999292,
        "nodes": 53,
        "cost": 4
    },
    "5": {
        "time": 0.0014537899999993442,
        "nodes": 112,
        "cost": 5
    },
    "6": {
        "time": 0.006082390999999632,
        "nodes": 343,
        "cost": 6
    },
    "7": {
        "time": 0.0,
        "nodes": 0,
        "cost": 0
    },
    "8": {
        "time": 0.008861873999999048,
        "nodes": 669,
        "cost": 8
    },
    "9": {
        "time": 0.001996555999999927,
        "nodes": 152,
        "cost": 9
    },
    "10": {
        "time": 0.0,
        "nodes": 0,
        "cost": 0
    },
    "11": {
        "time": 0.015835113999999706,
        "nodes": 1216,
        "cost": 11
    },
    "12": {
        "time": 0.0,
        "nodes": 0,
        "cost": 0
    },
    "13": {
        "time": 0.0,
        "nodes": 0,
        "cost": 0
    },
    "14": {
        "time": 0.0,
        "nodes": 0,
        "cost": 0
    },
    "15": {
        "time": 0.0,
        "nodes": 0,
        "cost": 0
    },
    "16": {
        "time": 0.10562810999999961,
        "nodes": 8113,
        "cost": 16
    },
    "17": {
        "time": 0.0,
        "nodes": 0,
        "cost": 0
    },
    "18": {
        "time": 0.0,
        "nodes": 0,
        "cost": 0
    },
    "19": {
        "time": 0.0,
        "nodes": 0,
        "cost": 0
    },
    "20": {
        "time": 0.0,
        "nodes": 0,
        "cost": 0
    }
}