{
    "1": {
        "time": 7.414300000618823e-05,
        "nodes": 4,
        "cost": 1
    },
    "2": {
        "time": 7.829999998421044e-05,
        "nodes": 5,
        "cost": 2
    },
    "3": {
        "time": 0.00010434600000053251,
        "nodes": 7,
        "cost": 3
    },
    "4": {
        "time": 0.00047949300000027506,
        "nodes": 37,
        "cost": 4
    },
    "5": {
        "time": 0.0027326169999923877,
        "nodes": 210,
        "cost": 5
    },
    "6": {
        "time": 0.005595548000030703,
        "nodes": 428,
        "cost": 6
    },
    "7": {
        "time": 0.005846369999972012,
        "nodes": 431,
        "cost": 7
    },
    "8": {
        "time": 0.008400626000025113,
        "nodes": 644,
        "cost": 8
    },
    "9": {
        "time": 0.0,
        "nodes": 0,
        "cost": 0
    },
    "10": {
        "time": 0.015478293999990456,
        "nodes": 1133,
        "cost": 10
    },
    "11": {
        "time": 0.0,
        "nodes": 0,
        "cost": 0
    },
    "12": {
        "time": 0.0,
        "nodes": 0,
        "cost": 0
    },
    "13": {
        "time": 0.0016980409999973745,
        "nodes": 129,
        "cost": 13
    },
    "14": {
        "time": 0.0016881260000332077,
        "nodes": 132,
        "cost": 14
    },
    "15": {
        "time": 0.0,
        "nodes": 0,
        "cost": 0
    },
    "16": {
        "time": 0.0,
        "nodes": 0,
        "cost": 0
    },
    "17": {
        "time": 0.0,
        "nodes": 0,
        "cost": 0
    },
    "18": {
        "time": 0.1260648449999735,
        "nodes": 9142,
        "cost": 18
    },
    "19": {
        "time": 0.0,
        "nodes": 0,
        "cost": 0
    },
    "20": {
        "time": 0.0,
        "nodes": 0,
        "cost": 0
    }
}