{
    "1": {
        "time": 0.0002485019999980409,
        "nodes": 13,
        "cost": 1
    },
    "2": {
        "time": 0.0001576209999996081,
        "nodes": 10,
        "cost": 2
    },
    "3": {
        "time": 0.001116639999999336,
        "nodes": 79,
        "cost": 3
    },
    "4": {
        "time": 0.001728676999995571,
        "nodes": 127,
        "cost": 4
    },
    "5": {
        "time": 0.001420567000003814,
        "nodes": 113,
        "cost": 5
    },
    "6": {
        "time": 0.0008537500000045384,
        "nodes": 63,
        "cost": 6
    },
    "7": {
        "time": 0.009602127999997379,
        "nodes": 722,
        "cost": 7
    },
    "8": {
        "time": 0.008544028000002868,
        "nodes": 659,
        "cost": 8
    },
    "9": {
        "time": 0.014552550000004771,
        "nodes": 1096,
        "cost": 9
    },
    "10": {
        "time": 0.04497638500000534,
        "nodes": 3366,
        "cost": 10
    },
    "11": {
        "time": 0.016642089999997722,
        "nodes": 1291,
        "cost": 11
    },
    "12": {
        "time": 0.15137594699999823,
        "nodes": 11463,
        "cost": 12
    },
    "13": {
        "time": 0.019113857000000678,
        "nodes": 1466,
        "cost": 13
    },
    "14": {
        "time": 0.3710871280000063,
        "nodes": 23151,
        "cost": 14
    },
    "15": {
        "time": 0.5528218840000036,
        "nodes": 41630,
        "cost": 15
    },
    "16": {
        "time": 0.6635505429999995,
        "nodes": 49223,
        "cost": 16
    },
    "17": {
        "time": 0.7113058170000031,
        "nodes": 45614,
        "cost": 17
    },
    "18": {
        "time": 0.5063423140000012,
        "nodes": 33669,
        "cost": 18
    },
    "19": {
        "time": 2.142523093000001,
        "nodes": 151002,
        "cost": 19
    },
    "20": {
        "time": 3.619852222999995,
        "nodes": 253399,
        "cost": 20
    }
}