{"1": {"time": 5.340000000231271e-05, "nodes": 1, "cost": 1}, "2": {"time": 8.680000000182986e-05, "nodes": 5, "cost": 2}, "3": {"time": 0.00012459999999947513, "nodes": 6, "cost": 3}, "4": {"time": 0.00021659999999812385, "nodes": 13, "cost": 4}, "5": {"time": 0.0002631999999991308, "nodes": 17, "cost": 5}, "6": {"time": 0.000287799999998839, "nodes": 17, "cost": 6}, "7": {"time": 0.00033510000000092077, "nodes": 20, "cost": 7}, "8": {"time": 0.008531200000000183, "nodes": 546, "cost": 24}, "9": {"time": 0.01066189999999878, "nodes": 676, "cost": 25}, "10": {"time": 0.0006149000000021942, "nodes": 38, "cost": 10}, "11": {"time": 0.020881300000002767, "nodes": 1321, "cost": 47}, "12": {"time": 0.013908199999999482, "nodes": 871, "cost": 62}, "13": {"time": 0.009281899999997734, "nodes": 589, "cost": 29}, "14": {"time": 0.01786380000000065, "nodes": 1133, "cost": 26}, "15": {"time": 0.013024899999997785, "nodes": 826, "cost": 33}, "16": {"time": 0.01268710000000084, "nodes": 803, "cost": 36}, "17": {"time": 0.012544999999999362, "nodes": 800, "cost": 69}, "18": {"time": 0.008830799999998362, "nodes": 562, "cost": 38}, "19": {"time": 0.00928859999999787, "nodes": 590, "cost": 65}, "20": {"time": 0.013791000000001219, "nodes": 876, "cost": 92}}