{
    "1": {
        "time": 6.753200000275683e-05,
        "nodes": 1,
        "cost": 1
    },
    "2": {
        "time": 8.806499999991502e-05,
        "nodes": 5,
        "cost": 2
    },
    "3": {
        "time": 0.00011623699998608572,
        "nodes": 7,
        "cost": 3
    },
    "4": {
        "time": 0.00016979700001229503,
        "nodes": 12,
        "cost": 4
    },
    "5": {
        "time": 0.0001875830000130918,
        "nodes": 12,
        "cost": 5
    },
    "6": {
        "time": 0.0004072319999863794,
        "nodes": 26,
        "cost": 6
    },
    "7": {
        "time": 0.00032137200003035105,
        "nodes": 20,
        "cost": 7
    },
    "8": {
        "time": 0.0004123380000464749,
        "nodes": 29,
        "cost": 8
    },
    "9": {
        "time": 0.010457978999966144,
        "nodes": 687,
        "cost": 57
    },
    "10": {
        "time": 0.0052647459999661805,
        "nodes": 354,
        "cost": 36
    },
    "11": {
        "time": 0.010934316999964722,
        "nodes": 725,
        "cost": 43
    },
    "12": {
        "time": 0.017283904999999322,
        "nodes": 1124,
        "cost": 54
    },
    "13": {
        "time": 0.0035592930000234446,
        "nodes": 177,
        "cost": 23
    },
    "14": {
        "time": 0.00776113400002032,
        "nodes": 514,
        "cost": 38
    },
    "15": {
        "time": 0.011785792000011952,
        "nodes": 778,
        "cost": 71
    },
    "16": {
        "time": 0.014936825000006593,
        "nodes": 987,
        "cost": 70
    },
    "17": {
        "time": 0.002675522999993518,
        "nodes": 184,
        "cost": 19
    },
    "18": {
        "time": 0.005465788000037719,
        "nodes": 369,
        "cost": 36
    },
    "19": {
        "time": 0.010619218000044839,
        "nodes": 707,
        "cost": 29
    },
    "20": {
        "time": 0.010806500000001051,
        "nodes": 720,
        "cost": 78
    }
}