{
    "1": {
        "time": 5.307499999673837e-05,
        "nodes": 2,
        "cost": 1
    },
    "2": {
        "time": 0.00012395699999956378,
        "nodes": 4,
        "cost": 2
    },
    "3": {
        "time": 0.00012162199999465884,
        "nodes": 6,
        "cost": 3
    },
    "4": {
        "time": 0.00016166400000372505,
        "nodes": 9,
        "cost": 4
    },
    "5": {
        "time": 0.0003906820000025846,
        "nodes": 19,
        "cost": 5
    },
    "6": {
        "time": 0.0003065909999975247,
        "nodes": 20,
        "cost": 6
    },
    "7": {
        "time": 0.01328265899999792,
        "nodes": 526,
        "cost": 35
    },
    "8": {
        "time": 0.0004861670000053664,
        "nodes": 22,
        "cost": 8
    },
    "9": {
        "time": 0.004992270000002463,
        "nodes": 199,
        "cost": 9
    },
    "10": {
        "time": 0.0006694890000034093,
        "nodes": 39,
        "cost": 10
    },
    "11": {
        "time": 0.03550167999999587,
        "nodes": 2186,
        "cost": 157
    },
    "12": {
        "time": 0.026847799999998756,
        "nodes": 1735,
        "cost": 98
    },
    "13": {
        "time": 0.005688478999999802,
        "nodes": 373,
        "cost": 33
    },
    "14": {
        "time": 0.005478465999999571,
        "nodes": 374,
        "cost": 34
    },
    "15": {
        "time": 0.011294614999997066,
        "nodes": 726,
        "cost": 41
    },
    "16": {
        "time": 0.021408956000001922,
        "nodes": 1407,
        "cost": 62
    },
    "17": {
        "time": 0.028939536999999405,
        "nodes": 1922,
        "cost": 95
    },
    "18": {
        "time": 0.021374089999994794,
        "nodes": 1385,
        "cost": 42
    },
    "19": {
        "time": 0.001521212000000105,
        "nodes": 102,
        "cost": 19
    },
    "20": {
        "time": 0.019597253000000592,
        "nodes": 1318,
        "cost": 78
    }
}