{
    "1": {
        "time": 7.728200000656216e-05,
        "nodes": 3,
        "cost": 1
    },
    "2": {
        "time": 8.703599999648759e-05,
        "nodes": 5,
        "cost": 2
    },
    "3": {
        "time": 0.00017573799999581752,
        "nodes": 12,
        "cost": 3
    },
    "4": {
        "time": 0.0002036679999974922,
        "nodes": 14,
        "cost": 4
    },
    "5": {
        "time": 0.00024822899999321635,
        "nodes": 16,
        "cost": 5
    },
    "6": {
        "time": 0.0002847089999988839,
        "nodes": 19,
        "cost": 6
    },
    "7": {
        "time": 0.00033729799999093757,
        "nodes": 24,
        "cost": 7
    },
    "8": {
        "time": 0.00035334300000045005,
        "nodes": 22,
        "cost": 8
    },
    "9": {
        "time": 0.0030275250000073584,
        "nodes": 204,
        "cost": 9
    },
    "10": {
        "time": 0.010805848999993373,
        "nodes": 710,
        "cost": 24
    },
    "11": {
        "time": 0.0006445169999977907,
        "nodes": 41,
        "cost": 11
    },
    "12": {
        "time": 0.015588264999990997,
        "nodes": 997,
        "cost": 70
    },
    "13": {
        "time": 0.00864026200000012,
        "nodes": 546,
        "cost": 41
    },
    "14": {
        "time": 0.01229616199999839,
        "nodes": 795,
        "cost": 26
    },
    "15": {
        "time": 0.006557260000008114,
        "nodes": 369,
        "cost": 37
    },
    "16": {
        "time": 0.006447880999999711,
        "nodes": 432,
        "cost": 42
    },
    "17": {
        "time": 0.020839867000006507,
        "nodes": 1369,
        "cost": 95
    },
    "18": {
        "time": 0.02870575400000064,
        "nodes": 1866,
        "cost": 102
    },
    "19": {
        "time": 0.02502213700000766,
        "nodes": 1641,
        "cost": 97
    },
    "20": {
        "time": 0.04785657700000456,
        "nodes": 3128,
        "cost": 184
    }
}