{
    "1": {
        "time": 9.969999999981383e-05,
        "nodes": 2,
        "cost": 1
    },
    "2": {
        "time": 0.0001812000000001035,
        "nodes": 4,
        "cost": 2
    },
    "3": {
        "time": 0.00022959999999727643,
        "nodes": 7,
        "cost": 3
    },
    "4": {
        "time": 0.000514400000000137,
        "nodes": 15,
        "cost": 4
    },
    "5": {
        "time": 0.0004871999999949139,
        "nodes": 17,
        "cost": 5
    },
    "6": {
        "time": 0.0010109000000042556,
        "nodes": 33,
        "cost": 6
    },
    "7": {
        "time": 0.0007884999999987485,
        "nodes": 22,
        "cost": 7
    },
    "8": {
        "time": 0.008900500000002864,
        "nodes": 360,
        "cost": 28
    },
    "9": {
        "time": 0.005683400000002337,
        "nodes": 360,
        "cost": 27
    },
    "10": {
        "time": 0.003209699999999316,
        "nodes": 192,
        "cost": 26
    },
    "11": {
        "time": 0.013539299999997922,
        "nodes": 775,
        "cost": 55
    },
    "12": {
        "time": 0.023626100000001315,
        "nodes": 1330,
        "cost": 58
    },
    "13": {
        "time": 0.034332500000004984,
        "nodes": 2033,
        "cost": 97
    },
    "14": {
        "time": 0.014015099999994618,
        "nodes": 838,
        "cost": 40
    },
    "15": {
        "time": 0.008610599999997248,
        "nodes": 538,
        "cost": 49
    },
    "16": {
        "time": 0.007227999999997792,
        "nodes": 428,
        "cost": 30
    },
    "17": {
        "time": 0.024127100000001178,
        "nodes": 1463,
        "cost": 83
    },
    "18": {
        "time": 0.012243200000000343,
        "nodes": 719,
        "cost": 50
    },
    "19": {
        "time": 0.013847699999999463,
        "nodes": 829,
        "cost": 93
    },
    "20": {
        "time": 0.019684200000000374,
        "nodes": 1181,
        "cost": 74
    }
}