{
    "1": {
        "time": 5.876899999890384e-05,
        "nodes": 1,
        "cost": 1
    },
    "2": {
        "time": 0.00011847500000072841,
        "nodes": 5,
        "cost": 2
    },
    "3": {
        "time": 0.0001190589999993108,
        "nodes": 7,
        "cost": 3
    },
    "4": {
        "time": 0.00021862399999861282,
        "nodes": 13,
        "cost": 4
    },
    "5": {
        "time": 0.00023074199999939538,
        "nodes": 12,
        "cost": 5
    },
    "6": {
        "time": 0.00042152600000378015,
        "nodes": 26,
        "cost": 6
    },
    "7": {
        "time": 0.000319710999995948,
        "nodes": 21,
        "cost": 7
    },
    "8": {
        "time": 0.0004458050000053504,
        "nodes": 30,
        "cost": 10
    },
    "9": {
        "time": 0.014037937000004774,
        "nodes": 748,
        "cost": 37
    },
    "10": {
        "time": 0.00048334200000255123,
        "nodes": 31,
        "cost": 10
    },
    "11": {
        "time": 0.013456432000005236,
        "nodes": 837,
        "cost": 67
    },
    "12": {
        "time": 0.002922077999997441,
        "nodes": 189,
        "cost": 12
    },
    "13": {
        "time": 0.005223350999997933,
        "nodes": 356,
        "cost": 43
    },
    "14": {
        "time": 0.005868685999999457,
        "nodes": 397,
        "cost": 44
    },
    "15": {
        "time": 0.016952846999998883,
        "nodes": 1064,
        "cost": 59
    },
    "16": {
        "time": 0.02035293000000138,
        "nodes": 1323,
        "cost": 46
    },
    "17": {
        "time": 0.018296719999995048,
        "nodes": 1017,
        "cost": 75
    },
    "18": {
        "time": 0.016700379999996073,
        "nodes": 1045,
        "cost": 84
    },
    "19": {
        "time": 0.007972089000006122,
        "nodes": 530,
        "cost": 57
    },
    "20": {
        "time": 0.014049458000002346,
        "nodes": 946,
        "cost": 42
    }
}