{
    "1": {
        "time": 6.100000000230921e-05,
        "nodes": 3,
        "cost": 1
    },
    "2": {
        "time": 8.060000000398304e-05,
        "nodes": 3,
        "cost": 2
    },
    "3": {
        "time": 0.00017360000000365972,
        "nodes": 12,
        "cost": 3
    },
    "4": {
        "time": 0.00021489999999602105,
        "nodes": 13,
        "cost": 4
    },
    "5": {
        "time": 0.00024949999999535066,
        "nodes": 17,
        "cost": 5
    },
    "6": {
        "time": 0.00024890000000254986,
        "nodes": 17,
        "cost": 6
    },
    "7": {
        "time": 0.0003334000000023707,
        "nodes": 21,
        "cost": 7
    },
    "8": {
        "time": 0.00035929999999950724,
        "nodes": 22,
        "cost": 8
    },
    "9": {
        "time": 0.013295700000000465,
        "nodes": 856,
        "cost": 37
    },
    "10": {
        "time": 0.00326660000000345,
        "nodes": 214,
        "cost": 10
    },
    "11": {
        "time": 0.012628999999996893,
        "nodes": 812,
        "cost": 37
    },
    "12": {
        "time": 0.046839699999999596,
        "nodes": 995,
        "cost": 30
    },
    "13": {
        "time": 0.02135189999999909,
        "nodes": 1378,
        "cost": 51
    },
    "14": {
        "time": 0.008506599999996922,
        "nodes": 555,
        "cost": 34
    },
    "15": {
        "time": 0.0026100999999982832,
        "nodes": 173,
        "cost": 19
    },
    "16": {
        "time": 0.01902379999999937,
        "nodes": 1229,
        "cost": 48
    },
    "17": {
        "time": 0.02652570000000054,
        "nodes": 1711,
        "cost": 93
    },
    "18": {
        "time": 0.0290733000000003,
        "nodes": 1865,
        "cost": 126
    },
    "19": {
        "time": 0.019644300000003057,
        "nodes": 1268,
        "cost": 61
    },
    "20": {
        "time": 0.014884700000003193,
        "nodes": 953,
        "cost": 58
    }
}