{"1": {"time": 3.839999999932786e-05, "nodes": 3, "cost": 1}, "2": {"time": 0.00010449999999995185, "nodes": 7, "cost": 2}, "3": {"time": 0.00010740000000009076, "nodes": 8, "cost": 3}, "4": {"time": 0.0007958000000005683, "nodes": 62, "cost": 4}, "5": {"time": 0.0016737000000004443, "nodes": 124, "cost": 5}, "6": {"time": 0.00281980000000015, "nodes": 213, "cost": 6}, "7": {"time": 0.002942499999999626, "nodes": 222, "cost": 7}, "8": {"time": 0.005139099999999175, "nodes": 380, "cost": 8}, "9": {"time": 0.0062336999999992315, "nodes": 471, "cost": 9}, "10": {"time": 0.008925099999999908, "nodes": 629, "cost": 10}, "11": {"time": 0.03325309999999959, "nodes": 2519, "cost": 11}, "12": {"time": 0.08724199999999982, "nodes": 6711, "cost": 12}, "13": {"time": 0.03273130000000002, "nodes": 2427, "cost": 13}, "14": {"time": 0.1647873999999998, "nodes": 12196, "cost": 14}, "15": {"time": 0.07238270000000036, "nodes": 5398, "cost": 19}, "16": {"time": 0.4929937999999989, "nodes": 36395, "cost": 20}, "17": {"time": 0.3597370999999985, "nodes": 27539, "cost": 17}, "18": {"time": 0.4527997999999993, "nodes": 33183, "cost": 20}, "19": {"time": 0.18927099999999797, "nodes": 14073, "cost": 19}, "20": {"time": 0.17724139999999977, "nodes": 13453, "cost": 20}}