{
    "1": {
        "time": 0.00021649999999961977,
        "nodes": 7,
        "cost": 1
    },
    "2": {
        "time": 0.0003687000000001106,
        "nodes": 14,
        "cost": 2
    },
    "3": {
        "time": 0.0009732000000006735,
        "nodes": 35,
        "cost": 3
    },
    "4": {
        "time": 0.002218199999999726,
        "nodes": 87,
        "cost": 4
    },
    "5": {
        "time": 0.0014751000000003955,
        "nodes": 110,
        "cost": 5
    },
    "6": {
        "time": 0.0018479999999998498,
        "nodes": 142,
        "cost": 6
    },
    "7": {
        "time": 0.002198799999999501,
        "nodes": 170,
        "cost": 7
    },
    "8": {
        "time": 0.0006094000000000932,
        "nodes": 47,
        "cost": 8
    },
    "9": {
        "time": 0.00851710000000061,
        "nodes": 647,
        "cost": 9
    },
    "10": {
        "time": 0.01264820000000011,
        "nodes": 952,
        "cost": 12
    },
    "11": {
        "time": 0.026593499999999715,
        "nodes": 2047,
        "cost": 11
    },
    "12": {
        "time": 0.010222199999999404,
        "nodes": 771,
        "cost": 12
    },
    "13": {
        "time": 0.07034289999999999,
        "nodes": 5414,
        "cost": 13
    },
    "14": {
        "time": 0.0110872999999998,
        "nodes": 832,
        "cost": 14
    },
    "15": {
        "time": 0.11691519999999933,
        "nodes": 8961,
        "cost": 15
    },
    "16": {
        "time": 0.5051313999999998,
        "nodes": 37633,
        "cost": 24
    },
    "17": {
        "time": 0.16677950000000052,
        "nodes": 12827,
        "cost": 17
    },
    "18": {
        "time": 0.4815043999999986,
        "nodes": 35751,
        "cost": 32
    },
    "19": {
        "time": 0.25214499999999873,
        "nodes": 19288,
        "cost": 21
    },
    "20": {
        "time": 0.2766364999999986,
        "nodes": 20643,
        "cost": 24
    }
}