{
    "1": {
        "time": 7.29819999989445e-05,
        "nodes": 5,
        "cost": 1
    },
    "2": {
        "time": 0.00021330099999872232,
        "nodes": 17,
        "cost": 2
    },
    "3": {
        "time": 0.00036255600000068,
        "nodes": 30,
        "cost": 3
    },
    "4": {
        "time": 0.0004893519999988882,
        "nodes": 35,
        "cost": 4
    },
    "5": {
        "time": 0.0008961470000006244,
        "nodes": 70,
        "cost": 5
    },
    "6": {
        "time": 0.003274447999999097,
        "nodes": 225,
        "cost": 6
    },
    "7": {
        "time": 0.010637417999999954,
        "nodes": 324,
        "cost": 7
    },
    "8": {
        "time": 0.005917696000000916,
        "nodes": 461,
        "cost": 8
    },
    "9": {
        "time": 0.0012087069999999756,
        "nodes": 98,
        "cost": 9
    },
    "10": {
        "time": 0.017143581999999213,
        "nodes": 1321,
        "cost": 12
    },
    "11": {
        "time": 0.01568124199999943,
        "nodes": 1216,
        "cost": 11
    },
    "12": {
        "time": 0.043555890000000375,
        "nodes": 3416,
        "cost": 12
    },
    "13": {
        "time": 0.273153293,
        "nodes": 20822,
        "cost": 19
    },
    "14": {
        "time": 0.09609710999999876,
        "nodes": 7635,
        "cost": 14
    },
    "15": {
        "time": 0.1359534129999993,
        "nodes": 9956,
        "cost": 19
    },
    "16": {
        "time": 0.09273003400000057,
        "nodes": 7353,
        "cost": 16
    },
    "17": {
        "time": 0.23744220700000085,
        "nodes": 18309,
        "cost": 37
    },
    "18": {
        "time": 1.104119806,
        "nodes": 87222,
        "cost": 26
    },
    "19": {
        "time": 0.6197272429999998,
        "nodes": 49109,
        "cost": 31
    },
    "20": {
        "time": 0.5930291380000057,
        "nodes": 46325,
        "cost": 30
    }
}