{
    "1": {
        "time": 5.167799997707334e-05,
        "nodes": 4,
        "cost": 1
    },
    "2": {
        "time": 7.006800001363445e-05,
        "nodes": 5,
        "cost": 2
    },
    "3": {
        "time": 0.00010202099997513869,
        "nodes": 7,
        "cost": 3
    },
    "4": {
        "time": 0.0003184760000181086,
        "nodes": 25,
        "cost": 4
    },
    "5": {
        "time": 0.001625413999988723,
        "nodes": 124,
        "cost": 5
    },
    "6": {
        "time": 0.0035247529999651306,
        "nodes": 276,
        "cost": 6
    },
    "7": {
        "time": 0.003425522000043202,
        "nodes": 271,
        "cost": 7
    },
    "8": {
        "time": 0.005795519999992393,
        "nodes": 448,
        "cost": 8
    },
    "9": {
        "time": 0.002811126000040076,
        "nodes": 202,
        "cost": 11
    },
    "10": {
        "time": 0.01105185099999062,
        "nodes": 860,
        "cost": 10
    },
    "11": {
        "time": 0.14273168099998657,
        "nodes": 11187,
        "cost": 15
    },
    "12": {
        "time": 0.07680136100003665,
        "nodes": 6001,
        "cost": 12
    },
    "13": {
        "time": 0.0010981839999999465,
        "nodes": 87,
        "cost": 13
    },
    "14": {
        "time": 0.0011391599999797108,
        "nodes": 90,
        "cost": 14
    },
    "15": {
        "time": 0.20463226100002885,
        "nodes": 15475,
        "cost": 21
    },
    "16": {
        "time": 1.5545048769999994,
        "nodes": 121284,
        "cost": 34
    },
    "17": {
        "time": 0.3250251019999837,
        "nodes": 24373,
        "cost": 21
    },
    "18": {
        "time": 0.12030780700001742,
        "nodes": 9142,
        "cost": 18
    },
    "19": {
        "time": 0.45066789599997037,
        "nodes": 33960,
        "cost": 29
    },
    "20": {
        "time": 0.3999701230000028,
        "nodes": 30359,
        "cost": 32
    }
}