{
    "1": {
        "time": 0.00014269999999960703,
        "nodes": 5,
        "cost": 1
    },
    "2": {
        "time": 0.00015089999999950976,
        "nodes": 7,
        "cost": 2
    },
    "3": {
        "time": 0.00019990000000014163,
        "nodes": 7,
        "cost": 3
    },
    "4": {
        "time": 0.0006225999999998066,
        "nodes": 25,
        "cost": 4
    },
    "5": {
        "time": 0.000834900000000971,
        "nodes": 63,
        "cost": 5
    },
    "6": {
        "time": 0.0027948000000002082,
        "nodes": 212,
        "cost": 6
    },
    "7": {
        "time": 0.003429699999999869,
        "nodes": 264,
        "cost": 7
    },
    "8": {
        "time": 0.009087900000000815,
        "nodes": 675,
        "cost": 8
    },
    "9": {
        "time": 0.004885299999999759,
        "nodes": 370,
        "cost": 9
    },
    "10": {
        "time": 0.018735299999999455,
        "nodes": 1396,
        "cost": 10
    },
    "11": {
        "time": 0.021902500000001268,
        "nodes": 1653,
        "cost": 11
    },
    "12": {
        "time": 0.6400261,
        "nodes": 48968,
        "cost": 26
    },
    "13": {
        "time": 0.04802480000000031,
        "nodes": 3578,
        "cost": 13
    },
    "14": {
        "time": 0.03497339999999838,
        "nodes": 2599,
        "cost": 14
    },
    "15": {
        "time": 0.051283699999999044,
        "nodes": 3820,
        "cost": 23
    },
    "16": {
        "time": 0.019083500000000697,
        "nodes": 1423,
        "cost": 16
    },
    "17": {
        "time": 0.2591044999999994,
        "nodes": 19451,
        "cost": 19
    },
    "18": {
        "time": 0.17943479999999923,
        "nodes": 12939,
        "cost": 20
    },
    "19": {
        "time": 0.012560300000000524,
        "nodes": 959,
        "cost": 19
    },
    "20": {
        "time": 1.2877402000000018,
        "nodes": 95814,
        "cost": 30
    }
}