{
    "1": {
        "time": 4.2560000000690934e-05,
        "nodes": 4,
        "cost": 1
    },
    "2": {
        "time": 7.960599999989881e-05,
        "nodes": 5,
        "cost": 2
    },
    "3": {
        "time": 0.00010270399999967594,
        "nodes": 7,
        "cost": 3
    },
    "4": {
        "time": 0.0007697840000009393,
        "nodes": 60,
        "cost": 4
    },
    "5": {
        "time": 0.004405541000000568,
        "nodes": 124,
        "cost": 5
    },
    "6": {
        "time": 0.005258213000001177,
        "nodes": 276,
        "cost": 6
    },
    "7": {
        "time": 0.0018790879999990295,
        "nodes": 117,
        "cost": 7
    },
    "8": {
        "time": 0.0009154149999996974,
        "nodes": 73,
        "cost": 8
    },
    "9": {
        "time": 0.015860404999999744,
        "nodes": 1156,
        "cost": 9
    },
    "10": {
        "time": 0.02325473099999975,
        "nodes": 1851,
        "cost": 10
    },
    "11": {
        "time": 0.017519460999999126,
        "nodes": 1380,
        "cost": 11
    },
    "12": {
        "time": 0.06357015600000082,
        "nodes": 4796,
        "cost": 12
    },
    "13": {
        "time": 0.043920145999999605,
        "nodes": 3448,
        "cost": 13
    },
    "14": {
        "time": 0.2061275329999983,
        "nodes": 15615,
        "cost": 14
    },
    "15": {
        "time": 0.1443311730000012,
        "nodes": 8729,
        "cost": 15
    },
    "16": {
        "time": 0.08353057300000089,
        "nodes": 6585,
        "cost": 16
    },
    "17": {
        "time": 0.3949011529999993,
        "nodes": 30619,
        "cost": 17
    },
    "18": {
        "time": 0.33289627199999927,
        "nodes": 25823,
        "cost": 18
    },
    "19": {
        "time": 1.8581361909999998,
        "nodes": 134517,
        "cost": 19
    },
    "20": {
        "time": 1.0736152390000058,
        "nodes": 76849,
        "cost": 20
    }
}