{
    "1": {
        "time": 0.000111578999998585,
        "nodes": 7,
        "cost": 1
    },
    "2": {
        "time": 0.0001064950000042586,
        "nodes": 7,
        "cost": 2
    },
    "3": {
        "time": 0.0006361129999987725,
        "nodes": 46,
        "cost": 3
    },
    "4": {
        "time": 0.0010643330000021933,
        "nodes": 76,
        "cost": 4
    },
    "5": {
        "time": 0.0008347739999976511,
        "nodes": 65,
        "cost": 5
    },
    "6": {
        "time": 0.0005950959999978522,
        "nodes": 42,
        "cost": 6
    },
    "7": {
        "time": 0.0059251779999982546,
        "nodes": 434,
        "cost": 7
    },
    "8": {
        "time": 0.005522207000005608,
        "nodes": 398,
        "cost": 8
    },
    "9": {
        "time": 0.008428760999997564,
        "nodes": 637,
        "cost": 9
    },
    "10": {
        "time": 0.027412919999996177,
        "nodes": 2007,
        "cost": 10
    },
    "11": {
        "time": 0.010089620999998772,
        "nodes": 757,
        "cost": 11
    },
    "12": {
        "time": 0.09417690600000128,
        "nodes": 6942,
        "cost": 12
    },
    "13": {
        "time": 0.011812992999999494,
        "nodes": 884,
        "cost": 13
    },
    "14": {
        "time": 0.19503089799999884,
        "nodes": 14172,
        "cost": 14
    },
    "15": {
        "time": 0.4226774559999953,
        "nodes": 25853,
        "cost": 15
    },
    "16": {
        "time": 0.49212039600000423,
        "nodes": 30785,
        "cost": 16
    },
    "17": {
        "time": 0.38674027700000124,
        "nodes": 28433,
        "cost": 17
    },
    "18": {
        "time": 0.28593531500000324,
        "nodes": 20862,
        "cost": 18
    },
    "19": {
        "time": 1.4529084260000005,
        "nodes": 99654,
        "cost": 19
    },
    "20": {
        "time": 2.495153223999992,
        "nodes": 173299,
        "cost": 20
    }
}