{
    "1": {
        "time": 0.00010220899999779931,
        "nodes": 5,
        "cost": 1
    },
    "2": {
        "time": 0.00020459099999925456,
        "nodes": 14,
        "cost": 2
    },
    "3": {
        "time": 0.0008404860000013059,
        "nodes": 41,
        "cost": 3
    },
    "4": {
        "time": 0.0013645699999997873,
        "nodes": 68,
        "cost": 4
    },
    "5": {
        "time": 0.002250949000000446,
        "nodes": 167,
        "cost": 5
    },
    "6": {
        "time": 0.006366857000003279,
        "nodes": 263,
        "cost": 6
    },
    "7": {
        "time": 0.015455864999999847,
        "nodes": 447,
        "cost": 7
    },
    "8": {
        "time": 0.015944517999997743,
        "nodes": 495,
        "cost": 8
    },
    "9": {
        "time": 0.0126753750000006,
        "nodes": 878,
        "cost": 9
    },
    "10": {
        "time": 0.030487503000003358,
        "nodes": 2139,
        "cost": 10
    },
    "11": {
        "time": 0.040820484999997575,
        "nodes": 2620,
        "cost": 11
    },
    "12": {
        "time": 0.059359253000003775,
        "nodes": 4097,
        "cost": 12
    },
    "13": {
        "time": 0.09158096800000237,
        "nodes": 6225,
        "cost": 13
    },
    "14": {
        "time": 0.18068670899999972,
        "nodes": 12145,
        "cost": 14
    },
    "15": {
        "time": 0.2790973809999997,
        "nodes": 14307,
        "cost": 15
    },
    "16": {
        "time": 0.3592662919999938,
        "nodes": 23301,
        "cost": 16
    },
    "17": {
        "time": 0.6258660069999991,
        "nodes": 35525,
        "cost": 17
    },
    "18": {
        "time": 1.0713031770000043,
        "nodes": 62229,
        "cost": 18
    },
    "19": {
        "time": 1.6161086769999997,
        "nodes": 94330,
        "cost": 19
    },
    "20": {
        "time": 2.220027572999996,
        "nodes": 130021,
        "cost": 20
    }
}