{"1": {"time": 5.010000000282844e-05, "nodes": 3, "cost": 1}, "2": {"time": 0.00024219999999886, "nodes": 16, "cost": 2}, "3": {"time": 0.0005440000000014322, "nodes": 36, "cost": 3}, "4": {"time": 0.0009091999999988332, "nodes": 62, "cost": 4}, "5": {"time": 0.0017190999999989742, "nodes": 118, "cost": 5}, "6": {"time": 0.0022815999999998837, "nodes": 156, "cost": 6}, "7": {"time": 0.005466900000001829, "nodes": 364, "cost": 7}, "8": {"time": 0.008261000000000962, "nodes": 542, "cost": 8}, "9": {"time": 0.018452700000000988, "nodes": 1208, "cost": 9}, "10": {"time": 0.025560899999998554, "nodes": 1698, "cost": 10}, "11": {"time": 0.04136319999999927, "nodes": 2702, "cost": 11}, "12": {"time": 0.0849373, "nodes": 5532, "cost": 12}, "13": {"time": 0.13467860000000087, "nodes": 8720, "cost": 13}, "14": {"time": 0.1864393999999976, "nodes": 9958, "cost": 14}, "15": {"time": 0.2684242999999995, "nodes": 17582, "cost": 15}, "16": {"time": 0.4083924000000003, "nodes": 26438, "cost": 16}, "17": {"time": 0.6485254999999981, "nodes": 39413, "cost": 17}, "18": {"time": 1.0758444000000011, "nodes": 66600, "cost": 18}, "19": {"time": 1.6829908000000025, "nodes": 100195, "cost": 19}, "20": {"time": 2.1144436000000013, "nodes": 124116, "cost": 20}}