{
    "1": {
        "time": 0.00024520000000194386,
        "nodes": 7,
        "cost": 1
    },
    "2": {
        "time": 0.000301600000000235,
        "nodes": 10,
        "cost": 2
    },
    "3": {
        "time": 0.0010727999999993187,
        "nodes": 42,
        "cost": 3
    },
    "4": {
        "time": 0.001123700000000838,
        "nodes": 80,
        "cost": 4
    },
    "5": {
        "time": 0.002288500000002358,
        "nodes": 158,
        "cost": 5
    },
    "6": {
        "time": 0.002074499999999091,
        "nodes": 146,
        "cost": 6
    },
    "7": {
        "time": 0.006491300000000422,
        "nodes": 434,
        "cost": 7
    },
    "8": {
        "time": 0.006885900000000333,
        "nodes": 470,
        "cost": 8
    },
    "9": {
        "time": 0.01603200000000271,
        "nodes": 1076,
        "cost": 9
    },
    "10": {
        "time": 0.017602500000002408,
        "nodes": 1192,
        "cost": 10
    },
    "11": {
        "time": 0.051281100000000635,
        "nodes": 3346,
        "cost": 11
    },
    "12": {
        "time": 0.07482159999999993,
        "nodes": 4848,
        "cost": 12
    },
    "13": {
        "time": 0.09018100000000118,
        "nodes": 6000,
        "cost": 13
    },
    "14": {
        "time": 0.19177510000000098,
        "nodes": 12416,
        "cost": 14
    },
    "15": {
        "time": 0.24042910000000006,
        "nodes": 15772,
        "cost": 15
    },
    "16": {
        "time": 0.4792710999999983,
        "nodes": 28760,
        "cost": 16
    },
    "17": {
        "time": 0.8336030000000001,
        "nodes": 50533,
        "cost": 17
    },
    "18": {
        "time": 0.9322529999999993,
        "nodes": 57218,
        "cost": 18
    },
    "19": {
        "time": 1.8290244999999992,
        "nodes": 109019,
        "cost": 19
    },
    "20": {
        "time": 2.3543394000000006,
        "nodes": 142334,
        "cost": 20
    }
}