{
    "1": {
        "time": 0.000279802999997969,
        "nodes": 7,
        "cost": 1
    },
    "2": {
        "time": 0.000338775000003011,
        "nodes": 16,
        "cost": 2
    },
    "3": {
        "time": 0.0006704339999998865,
        "nodes": 38,
        "cost": 3
    },
    "4": {
        "time": 0.0009285040000008848,
        "nodes": 56,
        "cost": 4
    },
    "5": {
        "time": 0.0024218540000049416,
        "nodes": 160,
        "cost": 5
    },
    "6": {
        "time": 0.002035238999994249,
        "nodes": 140,
        "cost": 6
    },
    "7": {
        "time": 0.006242416999995726,
        "nodes": 410,
        "cost": 7
    },
    "8": {
        "time": 0.008727027999995585,
        "nodes": 588,
        "cost": 8
    },
    "9": {
        "time": 0.012771647999997526,
        "nodes": 864,
        "cost": 9
    },
    "10": {
        "time": 0.02116355299999384,
        "nodes": 1330,
        "cost": 10
    },
    "11": {
        "time": 0.050035996999994836,
        "nodes": 3288,
        "cost": 11
    },
    "12": {
        "time": 0.15396989600000666,
        "nodes": 5910,
        "cost": 12
    },
    "13": {
        "time": 0.1376027339999979,
        "nodes": 8888,
        "cost": 13
    },
    "14": {
        "time": 0.1901635419999934,
        "nodes": 12210,
        "cost": 14
    },
    "15": {
        "time": 0.2325311990000074,
        "nodes": 15172,
        "cost": 15
    },
    "16": {
        "time": 0.5786140270000004,
        "nodes": 32512,
        "cost": 16
    },
    "17": {
        "time": 0.6459724309999899,
        "nodes": 36649,
        "cost": 17
    },
    "18": {
        "time": 0.9656655369999925,
        "nodes": 56296,
        "cost": 18
    },
    "19": {
        "time": 1.9049328099999912,
        "nodes": 107329,
        "cost": 19
    },
    "20": {
        "time": 2.0947128609999908,
        "nodes": 119228,
        "cost": 20
    }
}