{
    "1": {
        "time": 0.00047999999999603915,
        "nodes": 5,
        "cost": 1
    },
    "2": {
        "time": 0.00036670000000071923,
        "nodes": 11,
        "cost": 2
    },
    "3": {
        "time": 0.0005288000000049919,
        "nodes": 20,
        "cost": 3
    },
    "4": {
        "time": 0.0014954999999972074,
        "nodes": 59,
        "cost": 4
    },
    "5": {
        "time": 0.003424599999995337,
        "nodes": 110,
        "cost": 5
    },
    "6": {
        "time": 0.006960900000002823,
        "nodes": 278,
        "cost": 6
    },
    "7": {
        "time": 0.004902200000003631,
        "nodes": 325,
        "cost": 7
    },
    "8": {
        "time": 0.008880099999998947,
        "nodes": 531,
        "cost": 8
    },
    "9": {
        "time": 0.022745499999999197,
        "nodes": 1432,
        "cost": 9
    },
    "10": {
        "time": 0.026087900000000275,
        "nodes": 1632,
        "cost": 10
    },
    "11": {
        "time": 0.0528406999999973,
        "nodes": 3338,
        "cost": 11
    },
    "12": {
        "time": 0.06034129999999749,
        "nodes": 3782,
        "cost": 12
    },
    "13": {
        "time": 0.10117520000000013,
        "nodes": 6273,
        "cost": 13
    },
    "14": {
        "time": 0.16849260000000044,
        "nodes": 10255,
        "cost": 14
    },
    "15": {
        "time": 0.3320772999999946,
        "nodes": 20248,
        "cost": 15
    },
    "16": {
        "time": 0.46103279999999813,
        "nodes": 25704,
        "cost": 16
    },
    "17": {
        "time": 0.6923644999999965,
        "nodes": 40589,
        "cost": 17
    },
    "18": {
        "time": 1.3218201999999977,
        "nodes": 78612,
        "cost": 18
    },
    "19": {
        "time": 1.3597466000000011,
        "nodes": 77614,
        "cost": 19
    },
    "20": {
        "time": 2.5535587999999976,
        "nodes": 148714,
        "cost": 20
    }
}