{
    "1": {
        "time": 0.00021673700000235385,
        "nodes": 4,
        "cost": 1
    },
    "2": {
        "time": 0.00031539999999807833,
        "nodes": 11,
        "cost": 2
    },
    "3": {
        "time": 0.0004205110000015111,
        "nodes": 20,
        "cost": 3
    },
    "4": {
        "time": 0.0010222060000018018,
        "nodes": 68,
        "cost": 4
    },
    "5": {
        "time": 0.0016472800000002508,
        "nodes": 113,
        "cost": 5
    },
    "6": {
        "time": 0.0059234269999990374,
        "nodes": 287,
        "cost": 6
    },
    "7": {
        "time": 0.005615288999997858,
        "nodes": 328,
        "cost": 7
    },
    "8": {
        "time": 0.009031266000000926,
        "nodes": 558,
        "cost": 8
    },
    "9": {
        "time": 0.012140174000002446,
        "nodes": 824,
        "cost": 9
    },
    "10": {
        "time": 0.029910835999999108,
        "nodes": 2094,
        "cost": 10
    },
    "11": {
        "time": 0.033851020999996706,
        "nodes": 2338,
        "cost": 11
    },
    "12": {
        "time": 0.07699831000000046,
        "nodes": 5099,
        "cost": 12
    },
    "13": {
        "time": 0.09368614899999983,
        "nodes": 6255,
        "cost": 13
    },
    "14": {
        "time": 0.24084875700000197,
        "nodes": 11776,
        "cost": 14
    },
    "15": {
        "time": 0.30460321900000054,
        "nodes": 19912,
        "cost": 15
    },
    "16": {
        "time": 0.4792843059999967,
        "nodes": 26370,
        "cost": 16
    },
    "17": {
        "time": 0.5424177909999983,
        "nodes": 34328,
        "cost": 17
    },
    "18": {
        "time": 1.3266357440000007,
        "nodes": 72519,
        "cost": 18
    },
    "19": {
        "time": 1.383566406,
        "nodes": 80044,
        "cost": 19
    },
    "20": {
        "time": 2.148013923999997,
        "nodes": 124447,
        "cost": 20
    }
}