{
    "1": {
        "time": 8.398699998224401e-05,
        "nodes": 4,
        "cost": 1
    },
    "2": {
        "time": 0.00016301900001280956,
        "nodes": 11,
        "cost": 2
    },
    "3": {
        "time": 0.0002755699999852368,
        "nodes": 20,
        "cost": 3
    },
    "4": {
        "time": 0.0008363919999965219,
        "nodes": 59,
        "cost": 4
    },
    "5": {
        "time": 0.0015980480000052921,
        "nodes": 113,
        "cost": 5
    },
    "6": {
        "time": 0.003956409000011263,
        "nodes": 287,
        "cost": 6
    },
    "7": {
        "time": 0.0043243520000260105,
        "nodes": 301,
        "cost": 7
    },
    "8": {
        "time": 0.008209206999993057,
        "nodes": 570,
        "cost": 8
    },
    "9": {
        "time": 0.011836175000041749,
        "nodes": 821,
        "cost": 9
    },
    "10": {
        "time": 0.028015709000044353,
        "nodes": 1842,
        "cost": 10
    },
    "11": {
        "time": 0.044181073999993714,
        "nodes": 3002,
        "cost": 11
    },
    "12": {
        "time": 0.07199572299998636,
        "nodes": 4865,
        "cost": 12
    },
    "13": {
        "time": 0.12249412099998835,
        "nodes": 7923,
        "cost": 13
    },
    "14": {
        "time": 0.2815846090000491,
        "nodes": 14260,
        "cost": 14
    },
    "15": {
        "time": 0.2687537689999999,
        "nodes": 17865,
        "cost": 15
    },
    "16": {
        "time": 0.5878693239999961,
        "nodes": 33210,
        "cost": 16
    },
    "17": {
        "time": 0.8081569049999757,
        "nodes": 46943,
        "cost": 17
    },
    "18": {
        "time": 0.99094781499997,
        "nodes": 57549,
        "cost": 18
    },
    "19": {
        "time": 1.2511995149999962,
        "nodes": 74026,
        "cost": 19
    },
    "20": {
        "time": 2.105769380999959,
        "nodes": 121471,
        "cost": 20
    }
}